{"chunk_definitions":[{"row":158,"row_count":1,"visible":true,"expansion_state":0,"options":{"engine":"r","label":"unnamed-chunk-3","dev":"png"},"document_id":"C742674A","chunk_id":"ceqq5kzflnkor","chunk_label":"unnamed-chunk-2"},{"row":168,"row_count":1,"visible":true,"expansion_state":0,"options":{"engine":"r","label":"unnamed-chunk-4","dev":"png"},"document_id":"C742674A","chunk_id":"ck2382b3kwch5","chunk_label":"unnamed-chunk-3"},{"row":198,"row_count":1,"visible":true,"expansion_state":0,"options":{"engine":"r","label":"unnamed-chunk-5","dev":"png"},"document_id":"C742674A","chunk_id":"clnf3ogzfnh8w","chunk_label":"unnamed-chunk-4"}],"doc_write_time":1713397025}