"0","library(microbenchmark)"
"0","set.seed(123) # Fija la semilla para reproducibilidad"
"0","sample_data <-sample(1:100, 10)"
"0",""
"0","bubble_sort <-function(x) {"
"0","  n <-length(x)"
"0","  for (i in 1:(n - 1)) {"
"0","    for (j in 1:(n - i)) {"
"0","      if (x[j] > x[j + 1]) {"
"0","        temp <-x[j]"
"0","        x[j] <-x[j + 1]"
"0","        x[j + 1] <-temp"
"0","      }"
"0","    }"
"0","  }"
"0","  return(x)"
"0","}"
"0",""
"0","results <-microbenchmark("
"0","  bubble_sort(sample_data),  # Método de la burbuja"
"0","  sort(sample_data),         # Método sort de R"
"0","  times = 10                 # Número de repeticiones"
"0",")"
"0",""
"0","# Muestra los resultados"
"0","print(results)"
"1","Unit: "
"1",""
"1","microseconds"
"1",""
"1","
"
